stand,climateScenario,none,first,second,both
0,NONE,True,True,True,True
0,Ensemble_rcp45,True,True,True,True
0,Ensemble_rcp85,True,True,True,True
1,NONE,False,False,False,False
1,Ensemble_rcp45,False,False,False,False
1,Ensemble_rcp85,False,False,False,False
2,NONE,True,True,True,True
2,Ensemble_rcp45,True,True,True,True
2,Ensemble_rcp85,True,True,True,True
3,NONE,False,False,False,False
3,Ensemble_rcp45,False,False,False,False
3,Ensemble_rcp85,False,False,False,False
4,NONE,False,False,False,False
4,Ensemble_rcp45,False,False,False,False
4,Ensemble_rcp85,False,False,False,False
5,NONE,False,False,False,False
5,Ensemble_rcp45,False,False,False,False
5,Ensemble_rcp85,False,False,False,False
6,NONE,True,True,True,True
6,Ensemble_rcp45,True,True,True,True
6,Ensemble_rcp85,True,True,True,True
7,NONE,False,False,False,False
7,Ensemble_rcp45,False,False,False,False
7,Ensemble_rcp85,False,False,False,False
8,NONE,False,False,False,False
8,Ensemble_rcp45,False,False,False,False
8,Ensemble_rcp85,False,False,False,False
9,NONE,True,True,True,True
9,Ensemble_rcp45,True,True,True,True
9,Ensemble_rcp85,True,True,True,True
10,NONE,False,False,False,False
10,Ensemble_rcp45,False,False,False,False
10,Ensemble_rcp85,False,False,False,False
11,NONE,True,True,True,True
11,Ensemble_rcp45,True,True,True,True
11,Ensemble_rcp85,True,True,True,True
12,NONE,True,True,True,True
12,Ensemble_rcp45,True,True,True,True
12,Ensemble_rcp85,True,True,True,True
13,NONE,True,True,True,True
13,Ensemble_rcp45,True,True,True,True
13,Ensemble_rcp85,True,True,True,True
14,NONE,True,True,True,True
14,Ensemble_rcp45,True,True,True,True
14,Ensemble_rcp85,True,True,True,True
15,NONE,True,True,True,True
15,Ensemble_rcp45,True,True,True,True
15,Ensemble_rcp85,True,True,True,True
16,NONE,True,True,True,True
16,Ensemble_rcp45,True,True,True,True
16,Ensemble_rcp85,True,True,True,True
17,NONE,False,False,False,False
17,Ensemble_rcp45,False,False,False,False
17,Ensemble_rcp85,False,False,False,False
18,NONE,False,False,False,False
18,Ensemble_rcp45,False,False,False,False
18,Ensemble_rcp85,False,False,False,False
19,NONE,False,False,False,False
19,Ensemble_rcp45,False,False,False,False
19,Ensemble_rcp85,False,False,False,False
20,NONE,True,True,True,True
20,Ensemble_rcp45,True,True,True,True
20,Ensemble_rcp85,True,True,True,True
21,NONE,False,False,False,False
21,Ensemble_rcp45,False,False,False,False
21,Ensemble_rcp85,False,False,False,False
22,NONE,False,False,False,False
22,Ensemble_rcp45,False,False,False,False
22,Ensemble_rcp85,False,False,False,False
23,NONE,False,False,False,False
23,Ensemble_rcp45,False,False,False,False
23,Ensemble_rcp85,False,False,False,False
24,NONE,False,False,False,False
24,Ensemble_rcp45,False,False,False,False
24,Ensemble_rcp85,False,False,False,False
25,NONE,False,False,False,False
25,Ensemble_rcp45,False,False,False,False
25,Ensemble_rcp85,False,False,False,False
26,NONE,False,False,False,False
26,Ensemble_rcp45,False,False,False,False
26,Ensemble_rcp85,False,False,False,False
27,NONE,False,False,False,False
27,Ensemble_rcp45,False,False,False,False
27,Ensemble_rcp85,False,False,False,False
28,NONE,False,False,False,False
28,Ensemble_rcp45,False,False,False,False
28,Ensemble_rcp85,False,False,False,False
29,NONE,False,False,False,False
29,Ensemble_rcp45,False,False,False,False
29,Ensemble_rcp85,False,False,False,False
30,NONE,False,False,False,False
30,Ensemble_rcp45,False,False,False,False
30,Ensemble_rcp85,False,False,False,False
31,NONE,False,False,False,False
31,Ensemble_rcp45,False,False,False,False
31,Ensemble_rcp85,False,False,False,False
32,NONE,True,True,True,True
32,Ensemble_rcp45,True,True,True,True
32,Ensemble_rcp85,True,True,True,True
33,NONE,False,False,False,False
33,Ensemble_rcp45,False,False,False,False
33,Ensemble_rcp85,False,False,False,False
34,NONE,False,False,False,False
34,Ensemble_rcp45,False,False,False,False
34,Ensemble_rcp85,False,False,False,False
35,NONE,False,False,False,False
35,Ensemble_rcp45,False,False,False,False
35,Ensemble_rcp85,False,False,False,False
36,NONE,False,False,False,False
36,Ensemble_rcp45,False,False,False,False
36,Ensemble_rcp85,False,False,False,False
37,NONE,True,True,True,True
37,Ensemble_rcp45,True,True,True,True
37,Ensemble_rcp85,True,True,True,True
38,NONE,False,False,False,False
38,Ensemble_rcp45,False,False,False,False
38,Ensemble_rcp85,False,False,False,False
39,NONE,True,True,True,True
39,Ensemble_rcp45,True,True,True,True
39,Ensemble_rcp85,True,True,True,True
40,NONE,True,True,True,True
40,Ensemble_rcp45,True,True,True,True
40,Ensemble_rcp85,False,True,False,True
41,NONE,True,True,True,True
41,Ensemble_rcp45,True,True,True,True
41,Ensemble_rcp85,True,True,True,True
42,NONE,True,True,True,True
42,Ensemble_rcp45,False,False,False,False
42,Ensemble_rcp85,False,False,False,False
43,NONE,True,True,True,True
43,Ensemble_rcp45,True,True,True,True
43,Ensemble_rcp85,True,True,True,True
44,NONE,True,True,True,True
44,Ensemble_rcp45,True,True,True,True
44,Ensemble_rcp85,True,True,True,True
45,NONE,True,True,True,True
45,Ensemble_rcp45,True,True,True,True
45,Ensemble_rcp85,True,True,True,True
46,NONE,True,True,True,True
46,Ensemble_rcp45,True,True,True,True
46,Ensemble_rcp85,True,True,True,True
47,NONE,True,True,True,True
47,Ensemble_rcp45,True,True,True,True
47,Ensemble_rcp85,True,True,True,True
48,NONE,True,True,True,True
48,Ensemble_rcp45,True,True,True,True
48,Ensemble_rcp85,True,True,True,True
49,NONE,True,True,True,True
49,Ensemble_rcp45,True,True,True,True
49,Ensemble_rcp85,True,True,True,True
50,NONE,True,True,True,True
50,Ensemble_rcp45,True,True,True,True
50,Ensemble_rcp85,True,True,True,True
51,NONE,True,True,True,True
51,Ensemble_rcp45,False,False,False,False
51,Ensemble_rcp85,False,False,False,False
52,NONE,True,True,True,True
52,Ensemble_rcp45,True,True,True,True
52,Ensemble_rcp85,True,True,True,True
53,NONE,True,True,True,True
53,Ensemble_rcp45,True,True,True,True
53,Ensemble_rcp85,True,True,True,True
54,NONE,True,True,True,True
54,Ensemble_rcp45,True,False,True,False
54,Ensemble_rcp85,True,True,True,True
55,NONE,True,True,True,True
55,Ensemble_rcp45,True,True,True,True
55,Ensemble_rcp85,True,True,True,True
56,NONE,True,True,True,True
56,Ensemble_rcp45,True,True,True,True
56,Ensemble_rcp85,True,True,True,True
57,NONE,True,True,True,True
57,Ensemble_rcp45,True,True,True,True
57,Ensemble_rcp85,True,True,True,True
58,NONE,True,True,True,True
58,Ensemble_rcp45,True,True,True,True
58,Ensemble_rcp85,True,True,True,True
59,NONE,True,True,True,True
59,Ensemble_rcp45,True,True,True,True
59,Ensemble_rcp85,True,True,True,True
60,NONE,True,True,True,True
60,Ensemble_rcp45,True,True,True,True
60,Ensemble_rcp85,True,True,True,True
61,NONE,False,False,False,False
61,Ensemble_rcp45,False,False,False,False
61,Ensemble_rcp85,False,False,False,False
62,NONE,False,False,False,False
62,Ensemble_rcp45,False,False,False,False
62,Ensemble_rcp85,False,False,False,False
63,NONE,False,False,False,False
63,Ensemble_rcp45,False,False,False,False
63,Ensemble_rcp85,False,False,False,False
64,NONE,True,True,True,True
64,Ensemble_rcp45,True,True,True,True
64,Ensemble_rcp85,True,True,True,True
65,NONE,True,True,True,True
65,Ensemble_rcp45,True,True,True,True
65,Ensemble_rcp85,True,True,True,True
66,NONE,True,True,True,True
66,Ensemble_rcp45,True,True,True,True
66,Ensemble_rcp85,True,True,True,True
67,NONE,True,True,True,True
67,Ensemble_rcp45,True,True,True,True
67,Ensemble_rcp85,True,True,True,True
68,NONE,True,True,True,True
68,Ensemble_rcp45,True,False,True,False
68,Ensemble_rcp85,True,True,True,True
69,NONE,True,True,True,True
69,Ensemble_rcp45,True,True,True,True
69,Ensemble_rcp85,True,True,True,True
70,NONE,True,True,True,True
70,Ensemble_rcp45,True,True,True,True
70,Ensemble_rcp85,True,True,True,True
71,NONE,True,True,True,True
71,Ensemble_rcp45,True,True,True,True
71,Ensemble_rcp85,True,True,True,True
72,NONE,True,True,True,True
72,Ensemble_rcp45,True,True,True,True
72,Ensemble_rcp85,True,True,True,True
73,NONE,True,True,True,True
73,Ensemble_rcp45,True,True,True,True
73,Ensemble_rcp85,True,True,True,True
74,NONE,False,False,False,False
74,Ensemble_rcp45,False,False,False,False
74,Ensemble_rcp85,False,False,False,False
75,NONE,False,False,False,False
75,Ensemble_rcp45,False,False,False,False
75,Ensemble_rcp85,False,False,False,False
76,NONE,False,False,False,False
76,Ensemble_rcp45,False,False,False,False
76,Ensemble_rcp85,False,False,False,False
77,NONE,True,True,True,True
77,Ensemble_rcp45,True,True,True,True
77,Ensemble_rcp85,True,True,True,True
78,NONE,False,False,False,False
78,Ensemble_rcp45,False,False,False,False
78,Ensemble_rcp85,False,False,False,False
79,NONE,False,False,False,False
79,Ensemble_rcp45,False,False,False,False
79,Ensemble_rcp85,False,False,False,False
80,NONE,False,False,False,False
80,Ensemble_rcp45,False,False,False,False
80,Ensemble_rcp85,False,False,False,False
81,NONE,True,True,True,True
81,Ensemble_rcp45,True,True,True,True
81,Ensemble_rcp85,True,True,True,True
82,NONE,True,True,True,True
82,Ensemble_rcp45,True,True,True,True
82,Ensemble_rcp85,True,True,True,True
83,NONE,True,True,True,True
83,Ensemble_rcp45,False,False,False,False
83,Ensemble_rcp85,True,True,True,True
84,NONE,False,False,False,False
84,Ensemble_rcp45,False,False,False,False
84,Ensemble_rcp85,False,False,False,False
85,NONE,False,False,False,False
85,Ensemble_rcp45,False,False,False,False
85,Ensemble_rcp85,False,False,False,False
86,NONE,False,False,False,False
86,Ensemble_rcp45,False,False,False,False
86,Ensemble_rcp85,False,False,False,False
87,NONE,False,False,False,False
87,Ensemble_rcp45,False,False,False,False
87,Ensemble_rcp85,False,False,False,False
88,NONE,True,True,True,True
88,Ensemble_rcp45,True,True,True,True
88,Ensemble_rcp85,True,True,True,True
89,NONE,True,True,True,True
89,Ensemble_rcp45,True,True,True,True
89,Ensemble_rcp85,True,True,True,True
90,NONE,False,False,False,False
90,Ensemble_rcp45,False,False,False,False
90,Ensemble_rcp85,False,False,False,False
91,NONE,False,False,False,False
91,Ensemble_rcp45,False,False,False,False
91,Ensemble_rcp85,False,False,False,False
92,NONE,True,True,True,True
92,Ensemble_rcp45,True,True,True,True
92,Ensemble_rcp85,True,True,True,True
93,NONE,False,False,False,False
93,Ensemble_rcp45,False,False,False,False
93,Ensemble_rcp85,False,False,False,False
94,NONE,False,False,False,False
94,Ensemble_rcp45,False,False,False,False
94,Ensemble_rcp85,False,False,False,False
95,NONE,False,False,False,False
95,Ensemble_rcp45,False,False,False,False
95,Ensemble_rcp85,False,False,False,False
96,NONE,True,True,True,True
96,Ensemble_rcp45,True,True,True,True
96,Ensemble_rcp85,True,True,True,True
97,NONE,True,True,True,True
97,Ensemble_rcp45,False,False,False,False
97,Ensemble_rcp85,False,False,False,False
98,NONE,False,False,False,False
98,Ensemble_rcp45,False,False,False,False
98,Ensemble_rcp85,False,False,False,False
99,NONE,False,False,False,False
99,Ensemble_rcp45,False,False,False,False
99,Ensemble_rcp85,False,False,False,False
100,NONE,True,True,True,True
100,Ensemble_rcp45,True,True,True,True
100,Ensemble_rcp85,True,True,True,True
101,NONE,True,True,True,True
101,Ensemble_rcp45,True,True,True,True
101,Ensemble_rcp85,True,True,True,True
102,NONE,False,False,False,False
102,Ensemble_rcp45,False,False,False,False
102,Ensemble_rcp85,False,False,False,False
103,NONE,True,True,True,True
103,Ensemble_rcp45,True,True,True,True
103,Ensemble_rcp85,True,True,True,True
104,NONE,True,True,True,True
104,Ensemble_rcp45,True,True,True,True
104,Ensemble_rcp85,True,True,True,True
105,NONE,True,True,True,True
105,Ensemble_rcp45,True,True,True,True
105,Ensemble_rcp85,False,True,False,True
106,NONE,True,True,True,True
106,Ensemble_rcp45,True,True,True,True
106,Ensemble_rcp85,True,True,True,True
107,NONE,True,True,True,True
107,Ensemble_rcp45,True,True,True,True
107,Ensemble_rcp85,True,True,True,True
108,NONE,True,True,True,True
108,Ensemble_rcp45,True,True,True,True
108,Ensemble_rcp85,True,True,True,True
109,NONE,False,False,False,False
109,Ensemble_rcp45,False,False,False,False
109,Ensemble_rcp85,False,False,False,False
110,NONE,True,True,True,True
110,Ensemble_rcp45,True,True,True,True
110,Ensemble_rcp85,True,True,True,True
111,NONE,True,True,True,True
111,Ensemble_rcp45,True,True,True,True
111,Ensemble_rcp85,True,True,True,True
112,NONE,True,True,True,True
112,Ensemble_rcp45,True,True,True,True
112,Ensemble_rcp85,True,True,True,True
113,NONE,True,True,True,True
113,Ensemble_rcp45,True,True,True,True
113,Ensemble_rcp85,True,True,True,True
114,NONE,True,True,True,True
114,Ensemble_rcp45,True,True,True,True
114,Ensemble_rcp85,True,True,True,True
115,NONE,True,True,True,True
115,Ensemble_rcp45,True,True,True,True
115,Ensemble_rcp85,True,True,True,True
116,NONE,True,True,True,True
116,Ensemble_rcp45,True,True,True,True
116,Ensemble_rcp85,True,True,True,True
117,NONE,True,True,True,True
117,Ensemble_rcp45,True,True,True,True
117,Ensemble_rcp85,True,True,True,True
118,NONE,False,False,False,False
118,Ensemble_rcp45,False,False,False,False
118,Ensemble_rcp85,False,False,False,False
119,NONE,True,True,True,True
119,Ensemble_rcp45,True,True,True,True
119,Ensemble_rcp85,True,True,True,True
120,NONE,True,True,True,True
120,Ensemble_rcp45,True,True,True,True
120,Ensemble_rcp85,True,False,True,False
121,NONE,True,True,True,True
121,Ensemble_rcp45,True,True,True,True
121,Ensemble_rcp85,True,True,True,True
122,NONE,True,True,True,True
122,Ensemble_rcp45,True,True,True,True
122,Ensemble_rcp85,True,True,True,True
123,NONE,False,False,False,False
123,Ensemble_rcp45,False,False,False,False
123,Ensemble_rcp85,False,False,False,False
124,NONE,True,True,True,True
124,Ensemble_rcp45,True,True,True,True
124,Ensemble_rcp85,True,True,True,True
125,NONE,False,False,False,False
125,Ensemble_rcp45,False,False,False,False
125,Ensemble_rcp85,False,False,False,False
126,NONE,False,False,False,False
126,Ensemble_rcp45,False,False,False,False
126,Ensemble_rcp85,False,False,False,False
127,NONE,False,False,False,False
127,Ensemble_rcp45,False,False,False,False
127,Ensemble_rcp85,False,False,False,False
128,NONE,False,False,False,False
128,Ensemble_rcp45,False,False,False,False
128,Ensemble_rcp85,False,False,False,False
129,NONE,False,False,False,False
129,Ensemble_rcp45,False,False,False,False
129,Ensemble_rcp85,False,False,False,False
130,NONE,True,True,True,True
130,Ensemble_rcp45,True,True,True,True
130,Ensemble_rcp85,True,True,True,True
131,NONE,True,True,True,True
131,Ensemble_rcp45,True,True,True,True
131,Ensemble_rcp85,True,True,True,True
132,NONE,False,False,False,False
132,Ensemble_rcp45,False,False,False,False
132,Ensemble_rcp85,False,False,False,False
133,NONE,False,False,False,False
133,Ensemble_rcp45,False,False,False,False
133,Ensemble_rcp85,False,False,False,False
134,NONE,True,True,True,True
134,Ensemble_rcp45,True,True,True,True
134,Ensemble_rcp85,True,True,True,True
135,NONE,True,True,True,True
135,Ensemble_rcp45,True,True,True,True
135,Ensemble_rcp85,True,True,True,True
136,NONE,True,True,True,True
136,Ensemble_rcp45,True,True,True,True
136,Ensemble_rcp85,True,True,True,True
137,NONE,True,True,True,True
137,Ensemble_rcp45,True,True,True,True
137,Ensemble_rcp85,True,True,True,True
138,NONE,False,False,False,False
138,Ensemble_rcp45,False,False,False,False
138,Ensemble_rcp85,False,False,False,False
139,NONE,True,True,True,True
139,Ensemble_rcp45,True,True,True,True
139,Ensemble_rcp85,True,True,True,True
140,NONE,False,False,False,False
140,Ensemble_rcp45,False,False,False,False
140,Ensemble_rcp85,False,False,False,False
141,NONE,False,False,False,False
141,Ensemble_rcp45,False,False,False,False
141,Ensemble_rcp85,False,False,False,False
142,NONE,True,True,True,True
142,Ensemble_rcp45,True,True,True,True
142,Ensemble_rcp85,False,True,False,True
143,NONE,False,False,False,False
143,Ensemble_rcp45,False,False,False,False
143,Ensemble_rcp85,False,False,False,False
144,NONE,True,True,True,True
144,Ensemble_rcp45,True,True,True,True
144,Ensemble_rcp85,True,True,True,True
145,NONE,False,False,False,False
145,Ensemble_rcp45,False,False,False,False
145,Ensemble_rcp85,False,False,False,False
146,NONE,False,False,False,False
146,Ensemble_rcp45,False,False,False,False
146,Ensemble_rcp85,False,False,False,False
147,NONE,True,True,True,True
147,Ensemble_rcp45,True,True,True,True
147,Ensemble_rcp85,True,True,True,True
148,NONE,False,False,False,False
148,Ensemble_rcp45,False,False,False,False
148,Ensemble_rcp85,False,False,False,False
149,NONE,True,True,True,True
149,Ensemble_rcp45,True,True,True,True
149,Ensemble_rcp85,True,True,True,True
150,NONE,True,True,True,True
150,Ensemble_rcp45,True,True,True,True
150,Ensemble_rcp85,True,True,True,True
151,NONE,True,True,True,True
151,Ensemble_rcp45,True,True,True,True
151,Ensemble_rcp85,True,True,True,True
152,NONE,False,False,False,False
152,Ensemble_rcp45,False,False,False,False
152,Ensemble_rcp85,False,False,False,False
153,NONE,True,True,True,True
153,Ensemble_rcp45,True,True,True,True
153,Ensemble_rcp85,True,True,True,True
154,NONE,False,False,False,False
154,Ensemble_rcp45,False,False,False,False
154,Ensemble_rcp85,False,False,False,False
155,NONE,False,False,False,False
155,Ensemble_rcp45,False,False,False,False
155,Ensemble_rcp85,False,False,False,False
156,NONE,False,False,False,False
156,Ensemble_rcp45,False,False,False,False
156,Ensemble_rcp85,False,False,False,False
157,NONE,False,False,False,False
157,Ensemble_rcp45,False,False,False,False
157,Ensemble_rcp85,False,False,False,False
158,NONE,False,False,False,False
158,Ensemble_rcp45,False,False,False,False
158,Ensemble_rcp85,False,False,False,False
159,NONE,False,False,False,False
159,Ensemble_rcp45,False,False,False,False
159,Ensemble_rcp85,False,False,False,False
160,NONE,False,False,False,False
160,Ensemble_rcp45,False,False,False,False
160,Ensemble_rcp85,False,False,False,False
161,NONE,False,False,False,False
161,Ensemble_rcp45,False,False,False,False
161,Ensemble_rcp85,False,False,False,False
162,NONE,True,True,True,True
162,Ensemble_rcp45,True,True,True,True
162,Ensemble_rcp85,True,True,True,True
163,NONE,True,True,True,True
163,Ensemble_rcp45,True,True,True,True
163,Ensemble_rcp85,True,True,True,True
164,NONE,False,False,False,False
164,Ensemble_rcp45,False,False,False,False
164,Ensemble_rcp85,False,False,False,False
165,NONE,True,False,True,False
165,Ensemble_rcp45,True,False,True,False
165,Ensemble_rcp85,True,False,True,False
166,NONE,True,False,True,False
166,Ensemble_rcp45,True,False,True,False
166,Ensemble_rcp85,True,False,True,False
167,NONE,False,False,False,False
167,Ensemble_rcp45,False,False,False,False
167,Ensemble_rcp85,False,False,False,False
168,NONE,True,True,True,True
168,Ensemble_rcp45,True,True,True,True
168,Ensemble_rcp85,True,False,True,False
169,NONE,False,False,False,False
169,Ensemble_rcp45,False,False,False,False
169,Ensemble_rcp85,False,False,False,False
170,NONE,True,True,True,True
170,Ensemble_rcp45,True,True,True,True
170,Ensemble_rcp85,True,False,True,False
171,NONE,False,False,False,False
171,Ensemble_rcp45,False,False,False,False
171,Ensemble_rcp85,False,False,False,False
172,NONE,True,True,True,True
172,Ensemble_rcp45,True,True,True,True
172,Ensemble_rcp85,True,True,True,True
173,NONE,False,False,False,False
173,Ensemble_rcp45,False,False,False,False
173,Ensemble_rcp85,False,False,False,False
174,NONE,True,False,True,False
174,Ensemble_rcp45,True,False,True,False
174,Ensemble_rcp85,True,False,True,False
175,NONE,False,False,False,False
175,Ensemble_rcp45,False,False,False,False
175,Ensemble_rcp85,False,False,False,False
176,NONE,False,False,False,False
176,Ensemble_rcp45,False,False,False,False
176,Ensemble_rcp85,False,False,False,False
177,NONE,False,False,False,False
177,Ensemble_rcp45,False,False,False,False
177,Ensemble_rcp85,False,False,False,False
178,NONE,False,False,False,False
178,Ensemble_rcp45,False,False,False,False
178,Ensemble_rcp85,False,False,False,False
179,NONE,False,False,False,False
179,Ensemble_rcp45,False,False,False,False
179,Ensemble_rcp85,False,False,False,False
180,NONE,False,False,False,False
180,Ensemble_rcp45,False,False,False,False
180,Ensemble_rcp85,False,False,False,False
181,NONE,True,True,True,True
181,Ensemble_rcp45,True,True,True,True
181,Ensemble_rcp85,True,True,True,True
182,NONE,False,False,False,False
182,Ensemble_rcp45,False,False,False,False
182,Ensemble_rcp85,False,False,False,False
183,NONE,False,False,False,False
183,Ensemble_rcp45,False,False,False,False
183,Ensemble_rcp85,False,False,False,False
184,NONE,True,True,True,True
184,Ensemble_rcp45,True,True,True,True
184,Ensemble_rcp85,True,True,True,True
185,NONE,False,False,False,False
185,Ensemble_rcp45,False,False,False,False
185,Ensemble_rcp85,False,False,False,False
186,NONE,True,True,True,True
186,Ensemble_rcp45,False,False,False,False
186,Ensemble_rcp85,False,False,False,False
187,NONE,False,False,False,False
187,Ensemble_rcp45,False,False,False,False
187,Ensemble_rcp85,False,False,False,False
188,NONE,True,True,True,True
188,Ensemble_rcp45,True,True,True,True
188,Ensemble_rcp85,True,True,True,True
189,NONE,False,False,False,False
189,Ensemble_rcp45,False,False,False,False
189,Ensemble_rcp85,False,False,False,False
190,NONE,False,False,False,False
190,Ensemble_rcp45,False,False,False,False
190,Ensemble_rcp85,False,False,False,False
191,NONE,True,False,True,False
191,Ensemble_rcp45,False,False,False,False
191,Ensemble_rcp85,False,False,False,False
192,NONE,True,True,True,True
192,Ensemble_rcp45,True,True,True,True
192,Ensemble_rcp85,True,True,True,True
193,NONE,False,False,False,False
193,Ensemble_rcp45,False,False,False,False
193,Ensemble_rcp85,False,False,False,False
194,NONE,False,False,False,False
194,Ensemble_rcp45,False,False,False,False
194,Ensemble_rcp85,False,False,False,False
195,NONE,True,True,True,True
195,Ensemble_rcp45,True,True,True,True
195,Ensemble_rcp85,True,True,True,True
196,NONE,False,False,False,False
196,Ensemble_rcp45,False,False,False,False
196,Ensemble_rcp85,False,False,False,False
197,NONE,False,False,False,False
197,Ensemble_rcp45,False,False,False,False
197,Ensemble_rcp85,False,False,False,False
198,NONE,True,True,True,True
198,Ensemble_rcp45,True,True,True,True
198,Ensemble_rcp85,True,True,True,True
199,NONE,True,True,True,True
199,Ensemble_rcp45,True,True,True,True
199,Ensemble_rcp85,True,True,True,True
200,NONE,True,True,True,True
200,Ensemble_rcp45,True,True,True,True
200,Ensemble_rcp85,True,True,True,True
201,NONE,True,True,True,True
201,Ensemble_rcp45,True,True,True,True
201,Ensemble_rcp85,True,True,True,True
202,NONE,False,False,False,False
202,Ensemble_rcp45,False,False,False,False
202,Ensemble_rcp85,False,False,False,False
203,NONE,False,False,False,False
203,Ensemble_rcp45,False,False,False,False
203,Ensemble_rcp85,False,False,False,False
204,NONE,True,True,True,True
204,Ensemble_rcp45,True,True,True,True
204,Ensemble_rcp85,True,True,True,True
205,NONE,True,True,True,True
205,Ensemble_rcp45,True,True,True,True
205,Ensemble_rcp85,True,True,True,True
206,NONE,True,True,True,True
206,Ensemble_rcp45,True,True,True,True
206,Ensemble_rcp85,True,True,True,True
207,NONE,False,False,False,False
207,Ensemble_rcp45,False,False,False,False
207,Ensemble_rcp85,False,False,False,False
208,NONE,True,True,True,True
208,Ensemble_rcp45,True,True,True,True
208,Ensemble_rcp85,True,True,True,True
209,NONE,False,False,False,False
209,Ensemble_rcp45,False,False,False,False
209,Ensemble_rcp85,False,False,False,False
210,NONE,True,True,True,True
210,Ensemble_rcp45,True,True,True,True
210,Ensemble_rcp85,True,True,True,True
211,NONE,False,False,False,False
211,Ensemble_rcp45,False,False,False,False
211,Ensemble_rcp85,False,False,False,False
212,NONE,False,False,False,False
212,Ensemble_rcp45,False,False,False,False
212,Ensemble_rcp85,False,False,False,False
213,NONE,True,True,True,True
213,Ensemble_rcp45,True,True,True,True
213,Ensemble_rcp85,True,True,True,True
214,NONE,False,False,False,False
214,Ensemble_rcp45,False,False,False,False
214,Ensemble_rcp85,False,False,False,False
215,NONE,True,True,True,True
215,Ensemble_rcp45,True,True,True,True
215,Ensemble_rcp85,True,True,True,True
216,NONE,False,False,False,False
216,Ensemble_rcp45,False,False,False,False
216,Ensemble_rcp85,False,False,False,False
217,NONE,True,True,True,True
217,Ensemble_rcp45,True,False,True,False
217,Ensemble_rcp85,True,False,True,False
218,NONE,False,False,False,False
218,Ensemble_rcp45,False,False,False,False
218,Ensemble_rcp85,False,False,False,False
219,NONE,True,True,True,True
219,Ensemble_rcp45,False,False,False,False
219,Ensemble_rcp85,False,False,False,False
220,NONE,True,True,True,True
220,Ensemble_rcp45,True,True,True,True
220,Ensemble_rcp85,True,True,True,True
221,NONE,True,True,True,True
221,Ensemble_rcp45,True,True,True,True
221,Ensemble_rcp85,True,True,True,True
222,NONE,True,True,True,True
222,Ensemble_rcp45,True,True,True,True
222,Ensemble_rcp85,True,True,True,True
223,NONE,False,False,False,False
223,Ensemble_rcp45,False,False,False,False
223,Ensemble_rcp85,False,False,False,False
224,NONE,True,True,True,True
224,Ensemble_rcp45,True,True,True,True
224,Ensemble_rcp85,True,True,True,True
225,NONE,True,True,True,True
225,Ensemble_rcp45,True,True,True,True
225,Ensemble_rcp85,True,True,True,True
226,NONE,False,False,False,False
226,Ensemble_rcp45,False,False,False,False
226,Ensemble_rcp85,False,False,False,False
227,NONE,False,False,False,False
227,Ensemble_rcp45,False,False,False,False
227,Ensemble_rcp85,False,False,False,False
228,NONE,True,True,True,True
228,Ensemble_rcp45,True,True,True,True
228,Ensemble_rcp85,False,True,False,True
229,NONE,True,True,True,True
229,Ensemble_rcp45,True,True,True,True
229,Ensemble_rcp85,True,True,True,True
230,NONE,True,True,True,True
230,Ensemble_rcp45,True,True,True,True
230,Ensemble_rcp85,True,True,True,True
231,NONE,True,True,True,True
231,Ensemble_rcp45,True,True,True,True
231,Ensemble_rcp85,True,True,True,True
232,NONE,False,False,False,False
232,Ensemble_rcp45,False,False,False,False
232,Ensemble_rcp85,False,False,False,False
233,NONE,False,False,False,False
233,Ensemble_rcp45,False,False,False,False
233,Ensemble_rcp85,False,False,False,False
234,NONE,False,False,False,False
234,Ensemble_rcp45,False,False,False,False
234,Ensemble_rcp85,False,False,False,False
235,NONE,False,False,False,False
235,Ensemble_rcp45,False,False,False,False
235,Ensemble_rcp85,False,False,False,False
236,NONE,False,False,False,False
236,Ensemble_rcp45,False,False,False,False
236,Ensemble_rcp85,False,False,False,False
237,NONE,False,False,False,False
237,Ensemble_rcp45,False,False,False,False
237,Ensemble_rcp85,False,False,False,False
238,NONE,False,False,False,False
238,Ensemble_rcp45,False,False,False,False
238,Ensemble_rcp85,False,False,False,False
239,NONE,False,False,False,False
239,Ensemble_rcp45,False,False,False,False
239,Ensemble_rcp85,False,False,False,False
240,NONE,False,False,False,False
240,Ensemble_rcp45,False,False,False,False
240,Ensemble_rcp85,False,False,False,False
241,NONE,True,True,True,True
241,Ensemble_rcp45,True,True,True,True
241,Ensemble_rcp85,True,True,True,True
242,NONE,True,False,True,False
242,Ensemble_rcp45,True,False,True,False
242,Ensemble_rcp85,True,False,True,False
243,NONE,True,True,True,True
243,Ensemble_rcp45,True,True,True,True
243,Ensemble_rcp85,True,True,True,True
244,NONE,False,False,False,False
244,Ensemble_rcp45,False,False,False,False
244,Ensemble_rcp85,False,False,False,False
245,NONE,False,False,False,False
245,Ensemble_rcp45,False,False,False,False
245,Ensemble_rcp85,False,False,False,False
246,NONE,False,False,False,False
246,Ensemble_rcp45,False,False,False,False
246,Ensemble_rcp85,False,False,False,False
247,NONE,False,False,False,False
247,Ensemble_rcp45,False,False,False,False
247,Ensemble_rcp85,False,False,False,False
248,NONE,False,False,False,False
248,Ensemble_rcp45,False,False,False,False
248,Ensemble_rcp85,False,False,False,False
249,NONE,False,False,False,False
249,Ensemble_rcp45,False,False,False,False
249,Ensemble_rcp85,False,False,False,False
250,NONE,False,False,False,False
250,Ensemble_rcp45,False,False,False,False
250,Ensemble_rcp85,False,False,False,False
251,NONE,False,False,False,False
251,Ensemble_rcp45,False,False,False,False
251,Ensemble_rcp85,False,False,False,False
252,NONE,False,False,False,False
252,Ensemble_rcp45,False,False,False,False
252,Ensemble_rcp85,False,False,False,False
253,NONE,False,False,False,False
253,Ensemble_rcp45,False,False,False,False
253,Ensemble_rcp85,False,False,False,False
254,NONE,False,False,False,False
254,Ensemble_rcp45,False,False,False,False
254,Ensemble_rcp85,False,False,False,False
255,NONE,False,False,False,False
255,Ensemble_rcp45,False,False,False,False
255,Ensemble_rcp85,False,False,False,False
256,NONE,False,False,False,False
256,Ensemble_rcp45,False,False,False,False
256,Ensemble_rcp85,False,False,False,False
257,NONE,False,False,False,False
257,Ensemble_rcp45,False,False,False,False
257,Ensemble_rcp85,False,False,False,False
258,NONE,False,False,False,False
258,Ensemble_rcp45,False,False,False,False
258,Ensemble_rcp85,False,False,False,False
259,NONE,False,False,False,False
259,Ensemble_rcp45,False,False,False,False
259,Ensemble_rcp85,False,False,False,False
260,NONE,False,False,False,False
260,Ensemble_rcp45,False,False,False,False
260,Ensemble_rcp85,False,False,False,False
261,NONE,False,False,False,False
261,Ensemble_rcp45,False,False,False,False
261,Ensemble_rcp85,False,False,False,False
262,NONE,False,False,False,False
262,Ensemble_rcp45,False,False,False,False
262,Ensemble_rcp85,False,False,False,False
263,NONE,False,False,False,False
263,Ensemble_rcp45,False,False,False,False
263,Ensemble_rcp85,False,False,False,False
264,NONE,True,True,True,True
264,Ensemble_rcp45,True,True,True,True
264,Ensemble_rcp85,True,True,True,True
265,NONE,False,False,False,False
265,Ensemble_rcp45,False,False,False,False
265,Ensemble_rcp85,False,False,False,False
266,NONE,False,False,False,False
266,Ensemble_rcp45,False,False,False,False
266,Ensemble_rcp85,False,False,False,False
267,NONE,False,False,False,False
267,Ensemble_rcp45,False,False,False,False
267,Ensemble_rcp85,False,False,False,False
268,NONE,False,False,False,False
268,Ensemble_rcp45,False,False,False,False
268,Ensemble_rcp85,False,False,False,False
269,NONE,False,False,False,False
269,Ensemble_rcp45,False,False,False,False
269,Ensemble_rcp85,False,False,False,False
270,NONE,True,False,True,False
270,Ensemble_rcp45,False,False,False,False
270,Ensemble_rcp85,False,False,False,False
271,NONE,False,False,False,False
271,Ensemble_rcp45,False,False,False,False
271,Ensemble_rcp85,False,False,False,False
272,NONE,True,False,True,False
272,Ensemble_rcp45,False,False,False,False
272,Ensemble_rcp85,False,False,False,False
273,NONE,True,False,True,False
273,Ensemble_rcp45,True,False,True,False
273,Ensemble_rcp85,True,False,True,False
274,NONE,True,False,True,False
274,Ensemble_rcp45,True,False,True,False
274,Ensemble_rcp85,True,False,True,False
275,NONE,True,True,True,True
275,Ensemble_rcp45,True,True,True,True
275,Ensemble_rcp85,True,True,True,True
276,NONE,True,False,True,False
276,Ensemble_rcp45,True,False,True,False
276,Ensemble_rcp85,True,False,True,False
277,NONE,False,False,False,False
277,Ensemble_rcp45,False,False,False,False
277,Ensemble_rcp85,False,False,False,False
278,NONE,True,False,True,False
278,Ensemble_rcp45,True,False,True,False
278,Ensemble_rcp85,True,False,True,False
279,NONE,True,False,True,False
279,Ensemble_rcp45,True,False,True,False
279,Ensemble_rcp85,True,False,True,False
280,NONE,False,False,False,False
280,Ensemble_rcp45,False,False,False,False
280,Ensemble_rcp85,False,False,False,False
281,NONE,False,False,False,False
281,Ensemble_rcp45,False,False,False,False
281,Ensemble_rcp85,False,False,False,False
282,NONE,False,False,False,False
282,Ensemble_rcp45,False,False,False,False
282,Ensemble_rcp85,False,False,False,False
283,NONE,True,True,True,True
283,Ensemble_rcp45,True,True,True,True
283,Ensemble_rcp85,True,True,True,True
284,NONE,True,True,True,True
284,Ensemble_rcp45,True,True,True,True
284,Ensemble_rcp85,True,True,True,True
285,NONE,False,False,False,False
285,Ensemble_rcp45,False,False,False,False
285,Ensemble_rcp85,False,False,False,False
286,NONE,True,True,True,True
286,Ensemble_rcp45,True,True,True,True
286,Ensemble_rcp85,True,True,True,True
287,NONE,True,True,True,True
287,Ensemble_rcp45,True,True,True,True
287,Ensemble_rcp85,True,True,True,True
288,NONE,True,True,True,True
288,Ensemble_rcp45,True,True,True,True
288,Ensemble_rcp85,True,True,True,True
289,NONE,True,True,True,True
289,Ensemble_rcp45,True,True,True,True
289,Ensemble_rcp85,True,True,True,True
290,NONE,True,True,True,True
290,Ensemble_rcp45,True,True,True,True
290,Ensemble_rcp85,True,True,True,True
291,NONE,True,True,True,True
291,Ensemble_rcp45,True,True,True,True
291,Ensemble_rcp85,True,True,True,True
292,NONE,True,True,True,True
292,Ensemble_rcp45,True,True,True,True
292,Ensemble_rcp85,True,True,True,True
293,NONE,True,True,True,True
293,Ensemble_rcp45,True,True,True,True
293,Ensemble_rcp85,True,True,True,True
294,NONE,True,True,True,True
294,Ensemble_rcp45,True,True,True,True
294,Ensemble_rcp85,True,True,True,True
295,NONE,True,True,True,True
295,Ensemble_rcp45,True,True,True,True
295,Ensemble_rcp85,True,True,True,True
296,NONE,True,True,True,True
296,Ensemble_rcp45,True,True,True,True
296,Ensemble_rcp85,True,True,True,True
297,NONE,True,True,True,True
297,Ensemble_rcp45,True,True,True,True
297,Ensemble_rcp85,True,True,True,True
298,NONE,True,True,True,True
298,Ensemble_rcp45,True,True,True,True
298,Ensemble_rcp85,True,True,True,True
299,NONE,False,False,False,False
299,Ensemble_rcp45,False,False,False,False
299,Ensemble_rcp85,False,False,False,False
300,NONE,False,False,False,False
300,Ensemble_rcp45,False,False,False,False
300,Ensemble_rcp85,False,False,False,False
301,NONE,True,True,True,True
301,Ensemble_rcp45,True,False,True,False
301,Ensemble_rcp85,True,False,True,False
302,NONE,False,False,False,False
302,Ensemble_rcp45,False,False,False,False
302,Ensemble_rcp85,False,False,False,False
