Stand,climateScenario,none,first,second,both
0,NONE,False,False,False,False
0,Ensemble_rcp45,False,False,False,False
0,Ensemble_rcp85,False,False,False,False
1,NONE,False,False,False,False
1,Ensemble_rcp45,False,False,False,False
1,Ensemble_rcp85,False,False,False,False
2,NONE,False,False,False,False
2,Ensemble_rcp45,False,False,False,False
2,Ensemble_rcp85,False,False,False,False
3,NONE,False,False,False,False
3,Ensemble_rcp45,False,False,False,False
3,Ensemble_rcp85,False,False,False,False
4,NONE,False,False,False,False
4,Ensemble_rcp45,False,False,False,False
4,Ensemble_rcp85,False,False,False,False
5,NONE,False,False,False,False
5,Ensemble_rcp45,False,False,False,False
5,Ensemble_rcp85,False,False,False,False
6,NONE,False,False,False,False
6,Ensemble_rcp45,False,False,False,False
6,Ensemble_rcp85,False,False,False,False
7,NONE,False,False,False,False
7,Ensemble_rcp45,False,False,False,False
7,Ensemble_rcp85,False,False,False,False
8,NONE,False,False,False,False
8,Ensemble_rcp45,False,False,False,False
8,Ensemble_rcp85,False,False,False,False
9,NONE,False,False,False,False
9,Ensemble_rcp45,False,False,False,False
9,Ensemble_rcp85,False,False,False,False
10,NONE,False,False,False,False
10,Ensemble_rcp45,False,False,False,False
10,Ensemble_rcp85,False,False,False,False
11,NONE,False,False,False,False
11,Ensemble_rcp45,False,False,False,False
11,Ensemble_rcp85,False,False,False,False
12,NONE,False,False,False,False
12,Ensemble_rcp45,False,False,False,False
12,Ensemble_rcp85,False,False,False,False
13,NONE,False,False,False,False
13,Ensemble_rcp45,False,False,False,False
13,Ensemble_rcp85,False,False,False,False
14,NONE,False,False,False,False
14,Ensemble_rcp45,False,False,False,False
14,Ensemble_rcp85,False,False,False,False
15,NONE,False,False,False,False
15,Ensemble_rcp45,False,False,False,False
15,Ensemble_rcp85,False,False,False,False
16,NONE,False,False,False,False
16,Ensemble_rcp45,False,False,False,False
16,Ensemble_rcp85,False,False,False,False
17,NONE,False,False,False,False
17,Ensemble_rcp45,False,False,False,False
17,Ensemble_rcp85,False,False,False,False
18,NONE,False,False,False,False
18,Ensemble_rcp45,False,False,False,False
18,Ensemble_rcp85,False,False,False,False
19,NONE,False,False,False,False
19,Ensemble_rcp45,False,False,False,False
19,Ensemble_rcp85,False,False,False,False
20,NONE,False,False,False,False
20,Ensemble_rcp45,False,False,False,False
20,Ensemble_rcp85,False,False,False,False
21,NONE,False,False,False,False
21,Ensemble_rcp45,False,False,False,False
21,Ensemble_rcp85,False,False,False,False
22,NONE,False,False,False,False
22,Ensemble_rcp45,False,False,False,False
22,Ensemble_rcp85,False,False,False,False
23,NONE,False,False,False,False
23,Ensemble_rcp45,False,False,False,False
23,Ensemble_rcp85,False,False,False,False
24,NONE,False,False,False,False
24,Ensemble_rcp45,False,False,False,False
24,Ensemble_rcp85,False,False,False,False
25,NONE,False,False,False,False
25,Ensemble_rcp45,False,False,False,False
25,Ensemble_rcp85,False,False,False,False
26,NONE,False,False,False,False
26,Ensemble_rcp45,False,False,False,False
26,Ensemble_rcp85,False,False,False,False
27,NONE,False,False,False,False
27,Ensemble_rcp45,False,False,False,False
27,Ensemble_rcp85,False,False,False,False
28,NONE,False,False,False,False
28,Ensemble_rcp45,False,False,False,False
28,Ensemble_rcp85,False,False,False,False
29,NONE,False,False,False,False
29,Ensemble_rcp45,False,False,False,False
29,Ensemble_rcp85,False,False,False,False
30,NONE,False,False,False,False
30,Ensemble_rcp45,False,False,False,False
30,Ensemble_rcp85,False,False,False,False
31,NONE,False,False,False,False
31,Ensemble_rcp45,False,False,False,False
31,Ensemble_rcp85,False,False,False,False
32,NONE,False,False,False,False
32,Ensemble_rcp45,False,False,False,False
32,Ensemble_rcp85,False,False,False,False
33,NONE,False,False,False,False
33,Ensemble_rcp45,False,False,False,False
33,Ensemble_rcp85,False,False,False,False
34,NONE,False,False,False,False
34,Ensemble_rcp45,False,False,False,False
34,Ensemble_rcp85,False,False,False,False
35,NONE,False,False,False,False
35,Ensemble_rcp45,False,False,False,False
35,Ensemble_rcp85,False,False,False,False
36,NONE,False,False,False,False
36,Ensemble_rcp45,False,False,False,False
36,Ensemble_rcp85,False,False,False,False
37,NONE,False,False,False,False
37,Ensemble_rcp45,False,False,False,False
37,Ensemble_rcp85,False,False,False,False
38,NONE,False,False,False,False
38,Ensemble_rcp45,False,False,False,False
38,Ensemble_rcp85,False,False,False,False
39,NONE,False,False,False,False
39,Ensemble_rcp45,False,False,False,False
39,Ensemble_rcp85,False,False,False,False
40,NONE,False,False,False,False
40,Ensemble_rcp45,False,False,False,False
40,Ensemble_rcp85,False,False,False,False
41,NONE,False,False,False,False
41,Ensemble_rcp45,False,False,False,False
41,Ensemble_rcp85,False,False,False,False
42,NONE,False,False,False,False
42,Ensemble_rcp45,False,False,False,False
42,Ensemble_rcp85,False,False,False,False
43,NONE,False,False,False,False
43,Ensemble_rcp45,False,False,False,False
43,Ensemble_rcp85,False,False,False,False
44,NONE,False,False,False,False
44,Ensemble_rcp45,False,False,False,False
44,Ensemble_rcp85,False,False,False,False
45,NONE,False,False,False,False
45,Ensemble_rcp45,False,False,False,False
45,Ensemble_rcp85,False,False,False,False
46,NONE,False,False,False,False
46,Ensemble_rcp45,False,False,False,False
46,Ensemble_rcp85,False,False,False,False
47,NONE,False,False,False,False
47,Ensemble_rcp45,False,False,False,False
47,Ensemble_rcp85,False,False,False,False
48,NONE,False,False,False,False
48,Ensemble_rcp45,False,False,False,False
48,Ensemble_rcp85,False,False,False,False
49,NONE,False,False,False,False
49,Ensemble_rcp45,False,False,False,False
49,Ensemble_rcp85,False,False,False,False
50,NONE,False,False,False,False
50,Ensemble_rcp45,False,False,False,False
50,Ensemble_rcp85,False,False,False,False
51,NONE,False,False,False,False
51,Ensemble_rcp45,False,False,False,False
51,Ensemble_rcp85,False,False,False,False
52,NONE,False,False,False,False
52,Ensemble_rcp45,False,False,False,False
52,Ensemble_rcp85,False,False,False,False
53,NONE,False,False,False,False
53,Ensemble_rcp45,False,False,False,False
53,Ensemble_rcp85,False,False,False,False
54,NONE,False,False,False,False
54,Ensemble_rcp45,False,False,False,False
54,Ensemble_rcp85,False,False,False,False
55,NONE,False,False,False,False
55,Ensemble_rcp45,False,False,False,False
55,Ensemble_rcp85,False,False,False,False
56,NONE,False,False,False,False
56,Ensemble_rcp45,False,False,False,False
56,Ensemble_rcp85,False,False,False,False
57,NONE,False,False,False,False
57,Ensemble_rcp45,False,False,False,False
57,Ensemble_rcp85,False,False,False,False
58,NONE,False,False,False,False
58,Ensemble_rcp45,False,False,False,False
58,Ensemble_rcp85,False,False,False,False
59,NONE,False,False,False,False
59,Ensemble_rcp45,False,False,False,False
59,Ensemble_rcp85,False,False,False,False
60,NONE,False,False,False,False
60,Ensemble_rcp45,False,False,False,False
60,Ensemble_rcp85,False,False,False,False
61,NONE,False,False,False,False
61,Ensemble_rcp45,False,False,False,False
61,Ensemble_rcp85,False,False,False,False
62,NONE,False,False,False,False
62,Ensemble_rcp45,False,False,False,False
62,Ensemble_rcp85,False,False,False,False
63,NONE,False,False,False,False
63,Ensemble_rcp45,False,False,False,False
63,Ensemble_rcp85,False,False,False,False
64,NONE,False,False,False,False
64,Ensemble_rcp45,False,False,False,False
64,Ensemble_rcp85,False,False,False,False
65,NONE,False,False,False,False
65,Ensemble_rcp45,False,False,False,False
65,Ensemble_rcp85,False,False,False,False
66,NONE,False,False,False,False
66,Ensemble_rcp45,False,False,False,False
66,Ensemble_rcp85,False,False,False,False
67,NONE,False,False,False,False
67,Ensemble_rcp45,False,False,False,False
67,Ensemble_rcp85,False,False,False,False
68,NONE,False,False,False,False
68,Ensemble_rcp45,False,False,False,False
68,Ensemble_rcp85,False,False,False,False
69,NONE,False,False,False,False
69,Ensemble_rcp45,False,False,False,False
69,Ensemble_rcp85,False,False,False,False
70,NONE,False,False,False,False
70,Ensemble_rcp45,False,False,False,False
70,Ensemble_rcp85,False,False,False,False
71,NONE,False,False,False,False
71,Ensemble_rcp45,False,False,False,False
71,Ensemble_rcp85,False,False,False,False
72,NONE,False,False,False,False
72,Ensemble_rcp45,False,False,False,False
72,Ensemble_rcp85,False,False,False,False
73,NONE,False,False,False,False
73,Ensemble_rcp45,False,False,False,False
73,Ensemble_rcp85,False,False,False,False
74,NONE,False,False,False,False
74,Ensemble_rcp45,False,False,False,False
74,Ensemble_rcp85,False,False,False,False
75,NONE,False,False,False,False
75,Ensemble_rcp45,False,False,False,False
75,Ensemble_rcp85,False,False,False,False
76,NONE,False,False,False,False
76,Ensemble_rcp45,False,False,False,False
76,Ensemble_rcp85,False,False,False,False
77,NONE,False,False,False,False
77,Ensemble_rcp45,False,False,False,False
77,Ensemble_rcp85,False,False,False,False
78,NONE,False,False,False,False
78,Ensemble_rcp45,False,False,False,False
78,Ensemble_rcp85,False,False,False,False
79,NONE,False,False,False,False
79,Ensemble_rcp45,False,False,False,False
79,Ensemble_rcp85,False,False,False,False
80,NONE,False,False,False,False
80,Ensemble_rcp45,False,False,False,False
80,Ensemble_rcp85,False,False,False,False
81,NONE,False,False,False,False
81,Ensemble_rcp45,False,False,False,False
81,Ensemble_rcp85,False,False,False,False
82,NONE,False,False,False,False
82,Ensemble_rcp45,False,False,False,False
82,Ensemble_rcp85,False,False,False,False
83,NONE,False,False,False,False
83,Ensemble_rcp45,False,False,False,False
83,Ensemble_rcp85,False,False,False,False
84,NONE,False,False,False,False
84,Ensemble_rcp45,False,False,False,False
84,Ensemble_rcp85,False,False,False,False
85,NONE,False,False,False,False
85,Ensemble_rcp45,False,False,False,False
85,Ensemble_rcp85,False,False,False,False
86,NONE,False,False,False,False
86,Ensemble_rcp45,False,False,False,False
86,Ensemble_rcp85,False,False,False,False
87,NONE,False,False,False,False
87,Ensemble_rcp45,False,False,False,False
87,Ensemble_rcp85,False,False,False,False
88,NONE,False,False,False,False
88,Ensemble_rcp45,False,False,False,False
88,Ensemble_rcp85,False,False,False,False
89,NONE,False,False,False,False
89,Ensemble_rcp45,False,False,False,False
89,Ensemble_rcp85,False,False,False,False
90,NONE,False,False,False,False
90,Ensemble_rcp45,False,False,False,False
90,Ensemble_rcp85,False,False,False,False
91,NONE,False,False,False,False
91,Ensemble_rcp45,False,False,False,False
91,Ensemble_rcp85,False,False,False,False
92,NONE,False,False,False,False
92,Ensemble_rcp45,False,False,False,False
92,Ensemble_rcp85,False,False,False,False
93,NONE,False,False,False,False
93,Ensemble_rcp45,False,False,False,False
93,Ensemble_rcp85,False,False,False,False
94,NONE,False,False,False,False
94,Ensemble_rcp45,False,False,False,False
94,Ensemble_rcp85,False,False,False,False
95,NONE,False,False,False,False
95,Ensemble_rcp45,False,False,False,False
95,Ensemble_rcp85,False,False,False,False
96,NONE,False,False,False,False
96,Ensemble_rcp45,False,False,False,False
96,Ensemble_rcp85,False,False,False,False
97,NONE,False,False,False,False
97,Ensemble_rcp45,False,False,False,False
97,Ensemble_rcp85,False,False,False,False
98,NONE,False,False,False,False
98,Ensemble_rcp45,False,False,False,False
98,Ensemble_rcp85,False,False,False,False
99,NONE,False,False,False,False
99,Ensemble_rcp45,False,False,False,False
99,Ensemble_rcp85,False,False,False,False
100,NONE,False,False,False,False
100,Ensemble_rcp45,False,False,False,False
100,Ensemble_rcp85,False,False,False,False
101,NONE,False,False,False,False
101,Ensemble_rcp45,False,False,False,False
101,Ensemble_rcp85,False,False,False,False
102,NONE,False,False,False,False
102,Ensemble_rcp45,False,False,False,False
102,Ensemble_rcp85,False,False,False,False
103,NONE,False,False,False,False
103,Ensemble_rcp45,False,False,False,False
103,Ensemble_rcp85,False,False,False,False
104,NONE,False,False,False,False
104,Ensemble_rcp45,False,False,False,False
104,Ensemble_rcp85,False,False,False,False
105,NONE,False,False,False,False
105,Ensemble_rcp45,False,False,False,False
105,Ensemble_rcp85,False,False,False,False
106,NONE,False,False,False,False
106,Ensemble_rcp45,False,False,False,False
106,Ensemble_rcp85,False,False,False,False
107,NONE,False,False,False,False
107,Ensemble_rcp45,False,False,False,False
107,Ensemble_rcp85,False,False,False,False
108,NONE,False,False,False,False
108,Ensemble_rcp45,False,False,False,False
108,Ensemble_rcp85,False,False,False,False
109,NONE,False,False,False,False
109,Ensemble_rcp45,False,False,False,False
109,Ensemble_rcp85,False,False,False,False
110,NONE,False,False,False,False
110,Ensemble_rcp45,False,False,False,False
110,Ensemble_rcp85,False,False,False,False
111,NONE,False,False,False,False
111,Ensemble_rcp45,False,False,False,False
111,Ensemble_rcp85,False,False,False,False
112,NONE,False,False,False,False
112,Ensemble_rcp45,False,False,False,False
112,Ensemble_rcp85,False,False,False,False
113,NONE,False,False,False,False
113,Ensemble_rcp45,False,False,False,False
113,Ensemble_rcp85,False,False,False,False
114,NONE,False,False,False,False
114,Ensemble_rcp45,False,False,False,False
114,Ensemble_rcp85,False,False,False,False
115,NONE,False,False,False,False
115,Ensemble_rcp45,False,False,False,False
115,Ensemble_rcp85,False,False,False,False
116,NONE,False,False,False,False
116,Ensemble_rcp45,False,False,False,False
116,Ensemble_rcp85,False,False,False,False
117,NONE,False,False,False,False
117,Ensemble_rcp45,False,False,False,False
117,Ensemble_rcp85,False,False,False,False
118,NONE,False,False,False,False
118,Ensemble_rcp45,False,False,False,False
118,Ensemble_rcp85,False,False,False,False
119,NONE,False,False,False,False
119,Ensemble_rcp45,False,False,False,False
119,Ensemble_rcp85,False,False,False,False
120,NONE,False,False,False,False
120,Ensemble_rcp45,False,False,False,False
120,Ensemble_rcp85,False,False,False,False
121,NONE,False,False,False,False
121,Ensemble_rcp45,False,False,False,False
121,Ensemble_rcp85,False,False,False,False
122,NONE,False,False,False,False
122,Ensemble_rcp45,False,False,False,False
122,Ensemble_rcp85,False,False,False,False
123,NONE,False,False,False,False
123,Ensemble_rcp45,False,False,False,False
123,Ensemble_rcp85,False,False,False,False
124,NONE,False,False,False,False
124,Ensemble_rcp45,False,False,False,False
124,Ensemble_rcp85,False,False,False,False
125,NONE,False,False,False,False
125,Ensemble_rcp45,False,False,False,False
125,Ensemble_rcp85,False,False,False,False
126,NONE,False,False,False,False
126,Ensemble_rcp45,False,False,False,False
126,Ensemble_rcp85,False,False,False,False
127,NONE,False,False,False,False
127,Ensemble_rcp45,False,False,False,False
127,Ensemble_rcp85,False,False,False,False
128,NONE,False,False,False,False
128,Ensemble_rcp45,False,False,False,False
128,Ensemble_rcp85,False,False,False,False
129,NONE,False,False,False,False
129,Ensemble_rcp45,False,False,False,False
129,Ensemble_rcp85,False,False,False,False
130,NONE,False,False,False,False
130,Ensemble_rcp45,False,False,False,False
130,Ensemble_rcp85,False,False,False,False
131,NONE,False,False,False,False
131,Ensemble_rcp45,False,False,False,False
131,Ensemble_rcp85,False,False,False,False
132,NONE,False,False,False,False
132,Ensemble_rcp45,False,False,False,False
132,Ensemble_rcp85,False,False,False,False
133,NONE,False,False,False,False
133,Ensemble_rcp45,False,False,False,False
133,Ensemble_rcp85,False,False,False,False
134,NONE,False,False,False,False
134,Ensemble_rcp45,False,False,False,False
134,Ensemble_rcp85,False,False,False,False
135,NONE,False,False,False,False
135,Ensemble_rcp45,False,False,False,False
135,Ensemble_rcp85,False,False,False,False
136,NONE,False,False,False,False
136,Ensemble_rcp45,False,False,False,False
136,Ensemble_rcp85,False,False,False,False
137,NONE,False,False,False,False
137,Ensemble_rcp45,False,False,False,False
137,Ensemble_rcp85,False,False,False,False
138,NONE,False,False,False,False
138,Ensemble_rcp45,False,False,False,False
138,Ensemble_rcp85,False,False,False,False
139,NONE,False,False,False,False
139,Ensemble_rcp45,False,False,False,False
139,Ensemble_rcp85,False,False,False,False
140,NONE,False,False,False,False
140,Ensemble_rcp45,False,False,False,False
140,Ensemble_rcp85,False,False,False,False
141,NONE,False,False,False,False
141,Ensemble_rcp45,False,False,False,False
141,Ensemble_rcp85,False,False,False,False
142,NONE,False,False,False,False
142,Ensemble_rcp45,False,False,False,False
142,Ensemble_rcp85,False,False,False,False
143,NONE,False,False,False,False
143,Ensemble_rcp45,False,False,False,False
143,Ensemble_rcp85,False,False,False,False
144,NONE,False,False,False,False
144,Ensemble_rcp45,False,False,False,False
144,Ensemble_rcp85,False,False,False,False
145,NONE,False,False,False,False
145,Ensemble_rcp45,False,False,False,False
145,Ensemble_rcp85,False,False,False,False
146,NONE,False,False,False,False
146,Ensemble_rcp45,False,False,False,False
146,Ensemble_rcp85,False,False,False,False
147,NONE,False,False,False,False
147,Ensemble_rcp45,False,False,False,False
147,Ensemble_rcp85,False,False,False,False
148,NONE,False,False,False,False
148,Ensemble_rcp45,False,False,False,False
148,Ensemble_rcp85,False,False,False,False
149,NONE,False,False,False,False
149,Ensemble_rcp45,False,False,False,False
149,Ensemble_rcp85,False,False,False,False
150,NONE,False,False,False,False
150,Ensemble_rcp45,False,False,False,False
150,Ensemble_rcp85,False,False,False,False
151,NONE,False,False,False,False
151,Ensemble_rcp45,False,False,False,False
151,Ensemble_rcp85,False,False,False,False
152,NONE,False,False,False,False
152,Ensemble_rcp45,False,False,False,False
152,Ensemble_rcp85,False,False,False,False
153,NONE,False,False,False,False
153,Ensemble_rcp45,False,False,False,False
153,Ensemble_rcp85,False,False,False,False
154,NONE,False,False,False,False
154,Ensemble_rcp45,False,False,False,False
154,Ensemble_rcp85,False,False,False,False
155,NONE,False,False,False,False
155,Ensemble_rcp45,False,False,False,False
155,Ensemble_rcp85,False,False,False,False
156,NONE,False,False,False,False
156,Ensemble_rcp45,False,False,False,False
156,Ensemble_rcp85,False,False,False,False
157,NONE,False,False,False,False
157,Ensemble_rcp45,False,False,False,False
157,Ensemble_rcp85,False,False,False,False
158,NONE,False,False,False,False
158,Ensemble_rcp45,False,False,False,False
158,Ensemble_rcp85,False,False,False,False
159,NONE,False,False,False,False
159,Ensemble_rcp45,False,False,False,False
159,Ensemble_rcp85,False,False,False,False
160,NONE,False,False,False,False
160,Ensemble_rcp45,False,False,False,False
160,Ensemble_rcp85,False,False,False,False
161,NONE,False,False,False,False
161,Ensemble_rcp45,False,False,False,False
161,Ensemble_rcp85,False,False,False,False
162,NONE,False,False,False,False
162,Ensemble_rcp45,False,False,False,False
162,Ensemble_rcp85,False,False,False,False
163,NONE,False,False,False,False
163,Ensemble_rcp45,False,False,False,False
163,Ensemble_rcp85,False,False,False,False
164,NONE,False,False,False,False
164,Ensemble_rcp45,False,False,False,False
164,Ensemble_rcp85,False,False,False,False
165,NONE,False,False,False,False
165,Ensemble_rcp45,False,False,False,False
165,Ensemble_rcp85,False,False,False,False
166,NONE,False,False,False,False
166,Ensemble_rcp45,False,False,False,False
166,Ensemble_rcp85,False,False,False,False
167,NONE,False,False,False,False
167,Ensemble_rcp45,False,False,False,False
167,Ensemble_rcp85,False,False,False,False
168,NONE,False,False,False,False
168,Ensemble_rcp45,False,False,False,False
168,Ensemble_rcp85,False,False,False,False
169,NONE,False,False,False,False
169,Ensemble_rcp45,False,False,False,False
169,Ensemble_rcp85,False,False,False,False
170,NONE,False,False,False,False
170,Ensemble_rcp45,False,False,False,False
170,Ensemble_rcp85,False,False,False,False
171,NONE,False,False,False,False
171,Ensemble_rcp45,False,False,False,False
171,Ensemble_rcp85,False,False,False,False
172,NONE,False,False,False,False
172,Ensemble_rcp45,False,False,False,False
172,Ensemble_rcp85,False,False,False,False
173,NONE,False,False,False,False
173,Ensemble_rcp45,False,False,False,False
173,Ensemble_rcp85,False,False,False,False
174,NONE,False,False,False,False
174,Ensemble_rcp45,False,False,False,False
174,Ensemble_rcp85,False,False,False,False
175,NONE,False,False,False,False
175,Ensemble_rcp45,False,False,False,False
175,Ensemble_rcp85,False,False,False,False
176,NONE,False,False,False,False
176,Ensemble_rcp45,False,False,False,False
176,Ensemble_rcp85,False,False,False,False
177,NONE,False,False,False,False
177,Ensemble_rcp45,False,False,False,False
177,Ensemble_rcp85,False,False,False,False
178,NONE,False,False,False,False
178,Ensemble_rcp45,False,False,False,False
178,Ensemble_rcp85,False,False,False,False
179,NONE,False,False,False,False
179,Ensemble_rcp45,False,False,False,False
179,Ensemble_rcp85,False,False,False,False
180,NONE,False,False,False,False
180,Ensemble_rcp45,False,False,False,False
180,Ensemble_rcp85,False,False,False,False
181,NONE,False,False,False,False
181,Ensemble_rcp45,False,False,False,False
181,Ensemble_rcp85,False,False,False,False
182,NONE,False,False,False,False
182,Ensemble_rcp45,False,False,False,False
182,Ensemble_rcp85,False,False,False,False
183,NONE,False,False,False,False
183,Ensemble_rcp45,False,False,False,False
183,Ensemble_rcp85,False,False,False,False
184,NONE,False,False,False,False
184,Ensemble_rcp45,False,False,False,False
184,Ensemble_rcp85,False,False,False,False
185,NONE,False,False,False,False
185,Ensemble_rcp45,False,False,False,False
185,Ensemble_rcp85,False,False,False,False
186,NONE,False,False,False,False
186,Ensemble_rcp45,False,False,False,False
186,Ensemble_rcp85,False,False,False,False
187,NONE,False,False,False,False
187,Ensemble_rcp45,False,False,False,False
187,Ensemble_rcp85,False,False,False,False
188,NONE,False,False,False,False
188,Ensemble_rcp45,False,False,False,False
188,Ensemble_rcp85,False,False,False,False
189,NONE,False,False,False,False
189,Ensemble_rcp45,False,False,False,False
189,Ensemble_rcp85,False,False,False,False
190,NONE,False,False,False,False
190,Ensemble_rcp45,False,False,False,False
190,Ensemble_rcp85,False,False,False,False
191,NONE,False,False,False,False
191,Ensemble_rcp45,False,False,False,False
191,Ensemble_rcp85,False,False,False,False
192,NONE,False,False,False,False
192,Ensemble_rcp45,False,False,False,False
192,Ensemble_rcp85,False,False,False,False
193,NONE,False,False,False,False
193,Ensemble_rcp45,False,False,False,False
193,Ensemble_rcp85,False,False,False,False
194,NONE,False,False,False,False
194,Ensemble_rcp45,False,False,False,False
194,Ensemble_rcp85,False,False,False,False
195,NONE,False,False,False,False
195,Ensemble_rcp45,False,False,False,False
195,Ensemble_rcp85,False,False,False,False
196,NONE,False,False,False,False
196,Ensemble_rcp45,False,False,False,False
196,Ensemble_rcp85,False,False,False,False
197,NONE,False,False,False,False
197,Ensemble_rcp45,False,False,False,False
197,Ensemble_rcp85,False,False,False,False
198,NONE,False,False,False,False
198,Ensemble_rcp45,False,False,False,False
198,Ensemble_rcp85,False,False,False,False
199,NONE,False,False,False,False
199,Ensemble_rcp45,False,False,False,False
199,Ensemble_rcp85,False,False,False,False
200,NONE,False,False,False,False
200,Ensemble_rcp45,False,False,False,False
200,Ensemble_rcp85,False,False,False,False
201,NONE,False,False,False,False
201,Ensemble_rcp45,False,False,False,False
201,Ensemble_rcp85,False,False,False,False
202,NONE,False,False,False,False
202,Ensemble_rcp45,False,False,False,False
202,Ensemble_rcp85,False,False,False,False
203,NONE,False,False,False,False
203,Ensemble_rcp45,False,False,False,False
203,Ensemble_rcp85,False,False,False,False
204,NONE,False,False,False,False
204,Ensemble_rcp45,False,False,False,False
204,Ensemble_rcp85,False,False,False,False
205,NONE,False,False,False,False
205,Ensemble_rcp45,False,False,False,False
205,Ensemble_rcp85,False,False,False,False
206,NONE,False,False,False,False
206,Ensemble_rcp45,False,False,False,False
206,Ensemble_rcp85,False,False,False,False
207,NONE,False,False,False,False
207,Ensemble_rcp45,False,False,False,False
207,Ensemble_rcp85,False,False,False,False
208,NONE,False,False,False,False
208,Ensemble_rcp45,False,False,False,False
208,Ensemble_rcp85,False,False,False,False
209,NONE,False,False,False,False
209,Ensemble_rcp45,False,False,False,False
209,Ensemble_rcp85,False,False,False,False
210,NONE,False,False,False,False
210,Ensemble_rcp45,False,False,False,False
210,Ensemble_rcp85,False,False,False,False
211,NONE,False,False,False,False
211,Ensemble_rcp45,False,False,False,False
211,Ensemble_rcp85,False,False,False,False
212,NONE,False,False,False,False
212,Ensemble_rcp45,False,False,False,False
212,Ensemble_rcp85,False,False,False,False
213,NONE,False,False,False,False
213,Ensemble_rcp45,False,False,False,False
213,Ensemble_rcp85,False,False,False,False
214,NONE,False,False,False,False
214,Ensemble_rcp45,False,False,False,False
214,Ensemble_rcp85,False,False,False,False
215,NONE,False,False,False,False
215,Ensemble_rcp45,False,False,False,False
215,Ensemble_rcp85,False,False,False,False
216,NONE,False,False,False,False
216,Ensemble_rcp45,False,False,False,False
216,Ensemble_rcp85,False,False,False,False
217,NONE,False,False,False,False
217,Ensemble_rcp45,False,False,False,False
217,Ensemble_rcp85,False,False,False,False
218,NONE,False,False,False,False
218,Ensemble_rcp45,False,False,False,False
218,Ensemble_rcp85,False,False,False,False
219,NONE,False,False,False,False
219,Ensemble_rcp45,False,False,False,False
219,Ensemble_rcp85,False,False,False,False
220,NONE,False,False,False,False
220,Ensemble_rcp45,False,False,False,False
220,Ensemble_rcp85,False,False,False,False
221,NONE,False,False,False,False
221,Ensemble_rcp45,False,False,False,False
221,Ensemble_rcp85,False,False,False,False
222,NONE,False,False,False,False
222,Ensemble_rcp45,False,False,False,False
222,Ensemble_rcp85,False,False,False,False
223,NONE,False,False,False,False
223,Ensemble_rcp45,False,False,False,False
223,Ensemble_rcp85,False,False,False,False
224,NONE,False,False,False,False
224,Ensemble_rcp45,False,False,False,False
224,Ensemble_rcp85,False,False,False,False
225,NONE,False,False,False,False
225,Ensemble_rcp45,False,False,False,False
225,Ensemble_rcp85,False,False,False,False
226,NONE,False,False,False,False
226,Ensemble_rcp45,False,False,False,False
226,Ensemble_rcp85,False,False,False,False
227,NONE,False,False,False,False
227,Ensemble_rcp45,False,False,False,False
227,Ensemble_rcp85,False,False,False,False
228,NONE,False,False,False,False
228,Ensemble_rcp45,False,False,False,False
228,Ensemble_rcp85,False,False,False,False
229,NONE,False,False,False,False
229,Ensemble_rcp45,False,False,False,False
229,Ensemble_rcp85,False,False,False,False
230,NONE,False,False,False,False
230,Ensemble_rcp45,False,False,False,False
230,Ensemble_rcp85,False,False,False,False
231,NONE,False,False,False,False
231,Ensemble_rcp45,False,False,False,False
231,Ensemble_rcp85,False,False,False,False
232,NONE,False,False,False,False
232,Ensemble_rcp45,False,False,False,False
232,Ensemble_rcp85,False,False,False,False
233,NONE,False,False,False,False
233,Ensemble_rcp45,False,False,False,False
233,Ensemble_rcp85,False,False,False,False
234,NONE,False,False,False,False
234,Ensemble_rcp45,False,False,False,False
234,Ensemble_rcp85,False,False,False,False
235,NONE,False,False,False,False
235,Ensemble_rcp45,False,False,False,False
235,Ensemble_rcp85,False,False,False,False
236,NONE,False,False,False,False
236,Ensemble_rcp45,False,False,False,False
236,Ensemble_rcp85,False,False,False,False
237,NONE,False,False,False,False
237,Ensemble_rcp45,False,False,False,False
237,Ensemble_rcp85,False,False,False,False
238,NONE,False,False,False,False
238,Ensemble_rcp45,False,False,False,False
238,Ensemble_rcp85,False,False,False,False
239,NONE,False,False,False,False
239,Ensemble_rcp45,False,False,False,False
239,Ensemble_rcp85,False,False,False,False
240,NONE,False,False,False,False
240,Ensemble_rcp45,False,False,False,False
240,Ensemble_rcp85,False,False,False,False
241,NONE,False,False,False,False
241,Ensemble_rcp45,False,False,False,False
241,Ensemble_rcp85,False,False,False,False
242,NONE,False,False,False,False
242,Ensemble_rcp45,False,False,False,False
242,Ensemble_rcp85,False,False,False,False
243,NONE,False,False,False,False
243,Ensemble_rcp45,False,False,False,False
243,Ensemble_rcp85,False,False,False,False
244,NONE,False,False,False,False
244,Ensemble_rcp45,False,False,False,False
244,Ensemble_rcp85,False,False,False,False
245,NONE,False,False,False,False
245,Ensemble_rcp45,False,False,False,False
245,Ensemble_rcp85,False,False,False,False
246,NONE,False,False,False,False
246,Ensemble_rcp45,False,False,False,False
246,Ensemble_rcp85,False,False,False,False
247,NONE,False,False,False,False
247,Ensemble_rcp45,False,False,False,False
247,Ensemble_rcp85,False,False,False,False
248,NONE,False,False,False,False
248,Ensemble_rcp45,False,False,False,False
248,Ensemble_rcp85,False,False,False,False
249,NONE,False,False,False,False
249,Ensemble_rcp45,False,False,False,False
249,Ensemble_rcp85,False,False,False,False
250,NONE,False,False,False,False
250,Ensemble_rcp45,False,False,False,False
250,Ensemble_rcp85,False,False,False,False
251,NONE,False,False,False,False
251,Ensemble_rcp45,False,False,False,False
251,Ensemble_rcp85,False,False,False,False
252,NONE,False,False,False,False
252,Ensemble_rcp45,False,False,False,False
252,Ensemble_rcp85,False,False,False,False
253,NONE,False,False,False,False
253,Ensemble_rcp45,False,False,False,False
253,Ensemble_rcp85,False,False,False,False
254,NONE,False,False,False,False
254,Ensemble_rcp45,False,False,False,False
254,Ensemble_rcp85,False,False,False,False
255,NONE,False,False,False,False
255,Ensemble_rcp45,False,False,False,False
255,Ensemble_rcp85,False,False,False,False
256,NONE,False,False,False,False
256,Ensemble_rcp45,False,False,False,False
256,Ensemble_rcp85,False,False,False,False
257,NONE,False,False,False,False
257,Ensemble_rcp45,False,False,False,False
257,Ensemble_rcp85,False,False,False,False
258,NONE,False,False,False,False
258,Ensemble_rcp45,False,False,False,False
258,Ensemble_rcp85,False,False,False,False
259,NONE,False,False,False,False
259,Ensemble_rcp45,False,False,False,False
259,Ensemble_rcp85,False,False,False,False
260,NONE,False,False,False,False
260,Ensemble_rcp45,False,False,False,False
260,Ensemble_rcp85,False,False,False,False
261,NONE,False,False,False,False
261,Ensemble_rcp45,False,False,False,False
261,Ensemble_rcp85,False,False,False,False
262,NONE,False,False,False,False
262,Ensemble_rcp45,False,False,False,False
262,Ensemble_rcp85,False,False,False,False
263,NONE,False,False,False,False
263,Ensemble_rcp45,False,False,False,False
263,Ensemble_rcp85,False,False,False,False
264,NONE,False,False,False,False
264,Ensemble_rcp45,False,False,False,False
264,Ensemble_rcp85,False,False,False,False
265,NONE,False,False,False,False
265,Ensemble_rcp45,False,False,False,False
265,Ensemble_rcp85,False,False,False,False
266,NONE,False,False,False,False
266,Ensemble_rcp45,False,False,False,False
266,Ensemble_rcp85,False,False,False,False
267,NONE,False,False,False,False
267,Ensemble_rcp45,False,False,False,False
267,Ensemble_rcp85,False,False,False,False
268,NONE,False,False,False,False
268,Ensemble_rcp45,False,False,False,False
268,Ensemble_rcp85,False,False,False,False
269,NONE,False,False,False,False
269,Ensemble_rcp45,False,False,False,False
269,Ensemble_rcp85,False,False,False,False
270,NONE,False,False,False,False
270,Ensemble_rcp45,False,False,False,False
270,Ensemble_rcp85,False,False,False,False
271,NONE,False,False,False,False
271,Ensemble_rcp45,False,False,False,False
271,Ensemble_rcp85,False,False,False,False
272,NONE,False,False,False,False
272,Ensemble_rcp45,False,False,False,False
272,Ensemble_rcp85,False,False,False,False
273,NONE,False,False,False,False
273,Ensemble_rcp45,False,False,False,False
273,Ensemble_rcp85,False,False,False,False
274,NONE,False,False,False,False
274,Ensemble_rcp45,False,False,False,False
274,Ensemble_rcp85,False,False,False,False
275,NONE,False,False,False,False
275,Ensemble_rcp45,False,False,False,False
275,Ensemble_rcp85,False,False,False,False
276,NONE,False,False,False,False
276,Ensemble_rcp45,False,False,False,False
276,Ensemble_rcp85,False,False,False,False
277,NONE,False,False,False,False
277,Ensemble_rcp45,False,False,False,False
277,Ensemble_rcp85,False,False,False,False
278,NONE,False,False,False,False
278,Ensemble_rcp45,False,False,False,False
278,Ensemble_rcp85,False,False,False,False
279,NONE,False,False,False,False
279,Ensemble_rcp45,False,False,False,False
279,Ensemble_rcp85,False,False,False,False
280,NONE,False,False,False,False
280,Ensemble_rcp45,False,False,False,False
280,Ensemble_rcp85,False,False,False,False
281,NONE,False,False,False,False
281,Ensemble_rcp45,False,False,False,False
281,Ensemble_rcp85,False,False,False,False
282,NONE,False,False,False,False
282,Ensemble_rcp45,False,False,False,False
282,Ensemble_rcp85,False,False,False,False
283,NONE,False,False,False,False
283,Ensemble_rcp45,False,False,False,False
283,Ensemble_rcp85,False,False,False,False
284,NONE,False,False,False,False
284,Ensemble_rcp45,False,False,False,False
284,Ensemble_rcp85,False,False,False,False
285,NONE,False,False,False,False
285,Ensemble_rcp45,False,False,False,False
285,Ensemble_rcp85,False,False,False,False
286,NONE,False,False,False,False
286,Ensemble_rcp45,False,False,False,False
286,Ensemble_rcp85,False,False,False,False
287,NONE,False,False,False,False
287,Ensemble_rcp45,False,False,False,False
287,Ensemble_rcp85,False,False,False,False
288,NONE,False,False,False,False
288,Ensemble_rcp45,False,False,False,False
288,Ensemble_rcp85,False,False,False,False
289,NONE,False,False,False,False
289,Ensemble_rcp45,False,False,False,False
289,Ensemble_rcp85,False,False,False,False
290,NONE,False,False,False,False
290,Ensemble_rcp45,False,False,False,False
290,Ensemble_rcp85,False,False,False,False
291,NONE,False,False,False,False
291,Ensemble_rcp45,False,False,False,False
291,Ensemble_rcp85,False,False,False,False
292,NONE,False,False,False,False
292,Ensemble_rcp45,False,False,False,False
292,Ensemble_rcp85,False,False,False,False
293,NONE,False,False,False,False
293,Ensemble_rcp45,False,False,False,False
293,Ensemble_rcp85,False,False,False,False
294,NONE,False,False,False,False
294,Ensemble_rcp45,False,False,False,False
294,Ensemble_rcp85,False,False,False,False
295,NONE,False,False,False,False
295,Ensemble_rcp45,False,False,False,False
295,Ensemble_rcp85,False,False,False,False
296,NONE,False,False,False,False
296,Ensemble_rcp45,False,False,False,False
296,Ensemble_rcp85,False,False,False,False
297,NONE,False,False,False,False
297,Ensemble_rcp45,False,False,False,False
297,Ensemble_rcp85,False,False,False,False
298,NONE,False,False,False,False
298,Ensemble_rcp45,False,False,False,False
298,Ensemble_rcp85,False,False,False,False
299,NONE,False,False,False,False
299,Ensemble_rcp45,False,False,False,False
299,Ensemble_rcp85,False,False,False,False
300,NONE,False,False,False,False
300,Ensemble_rcp45,False,False,False,False
300,Ensemble_rcp85,False,False,False,False
301,NONE,False,False,False,False
301,Ensemble_rcp45,False,False,False,False
301,Ensemble_rcp85,False,False,False,False
302,NONE,False,False,False,False
302,Ensemble_rcp45,False,False,False,False
302,Ensemble_rcp85,False,False,False,False
